run,workload_type,timestamp_ns,runtime_ns,voluntary_ctxt_switches,nonvoluntary_ctxt_switches,minor_page_faults,major_page_faults,start_cpu,end_cpu,throughput_gflops
0,scalar_add,25574826052460,1341357,0,0,0,0,-1,-1,0.782
1,scalar_add,25574827398062,300863,0,0,0,0,-1,-1,3.485
2,scalar_add,25574827699719,273968,0,0,0,0,-1,-1,3.827
3,scalar_add,25574827974449,275669,0,0,0,0,-1,-1,3.804
4,scalar_add,25574828251129,259302,0,0,0,0,-1,-1,4.044
5,scalar_add,25574828511303,260818,0,0,0,0,-1,-1,4.020
6,scalar_add,25574828773158,264023,0,0,0,0,-1,-1,3.972
7,scalar_add,25574829038068,251413,0,0,0,0,-1,-1,4.171
8,scalar_add,25574829290320,247658,0,0,0,0,-1,-1,4.234
9,scalar_add,25574829539017,246437,0,0,0,0,-1,-1,4.255
10,scalar_add,25574829786348,262257,0,0,0,0,-1,-1,3.998
11,scalar_add,25574830049797,246971,0,0,0,0,-1,-1,4.246
12,scalar_add,25574830297804,246345,0,0,0,0,-1,-1,4.257
13,scalar_add,25574830545037,244379,0,0,0,0,-1,-1,4.291
14,scalar_add,25574830790433,251743,0,0,0,0,-1,-1,4.165
15,scalar_add,25574831043246,246009,0,0,0,0,-1,-1,4.262
16,scalar_add,25574831290292,242706,0,0,0,0,-1,-1,4.320
17,scalar_add,25574831533898,243372,0,0,0,0,-1,-1,4.309
18,scalar_add,25574831778211,250434,0,0,0,0,-1,-1,4.187
19,scalar_add,25574832029653,244348,0,0,0,0,-1,-1,4.291
20,scalar_add,25574832274845,242824,0,0,0,0,-1,-1,4.318
21,scalar_add,25574832518716,241287,0,0,0,0,-1,-1,4.346
22,scalar_add,25574832761079,249035,0,0,0,0,-1,-1,4.211
23,scalar_add,25574833011416,243435,0,0,0,0,-1,-1,4.307
24,scalar_add,25574833255790,241950,0,0,0,0,-1,-1,4.334
25,scalar_add,25574833498758,242398,0,0,0,0,-1,-1,4.326
26,scalar_add,25574833742185,240859,0,0,0,0,-1,-1,4.353
27,scalar_add,25574833983990,248945,0,0,0,0,-1,-1,4.212
28,scalar_add,25574834233950,241428,0,0,0,0,-1,-1,4.343
29,scalar_add,25574834476291,241362,0,0,0,0,-1,-1,4.344
30,scalar_add,25574834718587,241940,0,0,0,0,-1,-1,4.334
31,scalar_add,25574834961488,253017,0,0,0,0,-1,-1,4.144
32,scalar_add,25574835215423,244242,0,0,0,0,-1,-1,4.293
33,scalar_add,25574835460667,242152,0,0,0,0,-1,-1,4.330
34,scalar_add,25574835703830,242138,0,0,0,0,-1,-1,4.330
35,scalar_add,25574835947019,249390,0,0,0,0,-1,-1,4.205
36,scalar_add,25574836197512,242706,0,0,0,0,-1,-1,4.320
37,scalar_add,25574836440974,241583,0,0,0,0,-1,-1,4.340
38,scalar_add,25574836683490,240616,0,0,0,0,-1,-1,4.358
39,scalar_add,25574836925183,248553,0,0,0,0,-1,-1,4.219
40,scalar_add,25574837174706,241747,0,0,0,0,-1,-1,4.337
41,scalar_add,25574837417273,240154,0,0,0,0,-1,-1,4.366
42,scalar_add,25574837658471,244407,0,0,0,0,-1,-1,4.290
43,scalar_add,25574837903830,263185,0,0,0,0,-1,-1,3.984
44,scalar_add,25574838168080,250099,0,0,0,0,-1,-1,4.193
45,scalar_add,25574838419264,245835,0,0,0,0,-1,-1,4.265
46,scalar_add,25574838666200,242403,0,0,0,0,-1,-1,4.326
47,scalar_add,25574838909813,248675,0,0,0,0,-1,-1,4.217
48,scalar_add,25574839159713,242178,0,0,0,0,-1,-1,4.330
49,scalar_add,25574839402973,240884,0,0,0,0,-1,-1,4.353
50,scalar_add,25574839644837,239867,0,0,0,0,-1,-1,4.371
51,scalar_add,25574839885639,248734,0,0,0,0,-1,-1,4.216
52,scalar_add,25574840135528,244610,0,0,0,0,-1,-1,4.287
53,scalar_add,25574840381089,243647,0,0,0,0,-1,-1,4.304
54,scalar_add,25574840625682,240898,0,0,0,0,-1,-1,4.353
55,scalar_add,25574840867642,247231,0,0,0,0,-1,-1,4.241
56,scalar_add,25574841115798,238526,0,0,0,0,-1,-1,4.396
57,scalar_add,25574841355251,237785,0,0,0,0,-1,-1,4.410
58,scalar_add,25574841594162,238355,0,0,0,0,-1,-1,4.399
59,scalar_add,25574841833534,255000,0,0,0,0,-1,-1,4.112
60,scalar_add,25574842089730,244678,0,0,0,0,-1,-1,4.286
61,scalar_add,25574842335453,241089,0,0,0,0,-1,-1,4.349
62,scalar_add,25574842577512,238019,0,0,0,0,-1,-1,4.405
63,scalar_add,25574842816518,244508,0,0,0,0,-1,-1,4.289
64,scalar_add,25574843062124,238234,0,0,0,0,-1,-1,4.401
65,scalar_add,25574843301479,237691,0,0,0,0,-1,-1,4.412
66,scalar_add,25574843540186,235728,0,0,0,0,-1,-1,4.448
67,scalar_add,25574843776973,243502,0,0,0,0,-1,-1,4.306
68,scalar_add,25574844021886,240252,0,0,0,0,-1,-1,4.364
69,scalar_add,25574844263508,237146,0,0,0,0,-1,-1,4.422
70,scalar_add,25574844501949,236726,0,0,0,0,-1,-1,4.429
71,scalar_add,25574844782628,258587,0,0,0,0,-1,-1,4.055
72,scalar_add,25574845042132,247290,0,0,0,0,-1,-1,4.240
73,scalar_add,25574845290313,241996,0,0,0,0,-1,-1,4.333
74,scalar_add,25574845533431,239454,0,0,0,0,-1,-1,4.379
75,scalar_add,25574845774027,244264,0,0,0,0,-1,-1,4.293
76,scalar_add,25574846019295,246392,0,0,0,0,-1,-1,4.256
77,scalar_add,25574846266953,252174,0,0,0,0,-1,-1,4.158
78,scalar_add,25574846520838,243034,0,0,0,0,-1,-1,4.315
79,scalar_add,25574846765122,248215,0,0,0,0,-1,-1,4.224
80,scalar_add,25574847014406,238995,0,0,0,0,-1,-1,4.387
81,scalar_add,25574847254354,238630,0,0,0,0,-1,-1,4.394
82,scalar_add,25574847493865,237341,0,0,0,0,-1,-1,4.418
83,scalar_add,25574847732650,236006,0,0,0,0,-1,-1,4.443
84,scalar_add,25574847969754,243452,0,0,0,0,-1,-1,4.307
85,scalar_add,25574848214437,236317,0,0,0,0,-1,-1,4.437
86,scalar_add,25574848451843,235704,0,0,0,0,-1,-1,4.449
87,scalar_add,25574848688740,235550,0,0,0,0,-1,-1,4.452
88,scalar_add,25574848925302,242779,0,0,0,0,-1,-1,4.319
89,scalar_add,25574849169196,235299,0,0,0,0,-1,-1,4.456
90,scalar_add,25574849405754,236816,0,0,0,0,-1,-1,4.428
91,scalar_add,25574849643560,236083,0,0,0,0,-1,-1,4.442
92,scalar_add,25574849880883,242053,0,0,0,0,-1,-1,4.332
93,scalar_add,25574850124014,235575,0,0,0,0,-1,-1,4.451
94,scalar_add,25574850360605,234924,0,0,0,0,-1,-1,4.463
95,scalar_add,25574850596485,234556,0,0,0,0,-1,-1,4.470
96,scalar_add,25574850831909,242141,0,0,0,0,-1,-1,4.330
97,scalar_add,25574851075061,235906,0,0,0,0,-1,-1,4.445
98,scalar_add,25574851312097,236328,0,0,0,0,-1,-1,4.437
99,scalar_add,25574851549600,236364,0,0,0,0,-1,-1,4.436
100,auto_vectorized_add,25574851787664,240693,0,0,0,0,-1,-1,4.356
101,auto_vectorized_add,25574852029548,235736,0,0,0,0,-1,-1,4.448
102,auto_vectorized_add,25574852266157,236563,0,0,0,0,-1,-1,4.433
103,auto_vectorized_add,25574852503866,237501,0,0,0,0,-1,-1,4.415
104,auto_vectorized_add,25574852742235,236385,0,0,0,0,-1,-1,4.436
105,auto_vectorized_add,25574852979736,247899,0,0,0,0,-1,-1,4.230
106,auto_vectorized_add,25574853228804,250722,0,0,0,0,-1,-1,4.182
107,auto_vectorized_add,25574853480638,251045,0,0,0,0,-1,-1,4.177
108,auto_vectorized_add,25574853732770,244298,0,0,0,0,-1,-1,4.292
109,auto_vectorized_add,25574853978002,248756,0,0,0,0,-1,-1,4.215
110,auto_vectorized_add,25574854227764,238461,0,0,0,0,-1,-1,4.397
111,auto_vectorized_add,25574854467283,239135,0,0,0,0,-1,-1,4.385
112,auto_vectorized_add,25574854707547,241803,0,0,0,0,-1,-1,4.336
113,auto_vectorized_add,25574854950466,272527,0,0,0,0,-1,-1,3.848
114,auto_vectorized_add,25574855224365,251249,0,0,0,0,-1,-1,4.173
115,auto_vectorized_add,25574855476619,250450,0,0,0,0,-1,-1,4.187
116,auto_vectorized_add,25574855728326,254333,0,0,0,0,-1,-1,4.123
117,auto_vectorized_add,25574855983849,258461,0,0,0,0,-1,-1,4.057
118,auto_vectorized_add,25574856243404,250247,0,0,0,0,-1,-1,4.190
119,auto_vectorized_add,25574856494762,249504,0,0,0,0,-1,-1,4.203
120,auto_vectorized_add,25574856745553,249682,0,0,0,0,-1,-1,4.200
121,auto_vectorized_add,25574856996554,260233,0,0,0,0,-1,-1,4.029
122,auto_vectorized_add,25574857258124,257633,0,0,0,0,-1,-1,4.070
123,auto_vectorized_add,25574857516897,253182,0,0,0,0,-1,-1,4.142
124,auto_vectorized_add,25574857771442,262098,0,0,0,0,-1,-1,4.001
125,auto_vectorized_add,25574858034782,237509,0,0,0,0,-1,-1,4.415
126,auto_vectorized_add,25574858273454,238903,0,0,0,0,-1,-1,4.389
127,auto_vectorized_add,25574858513215,245586,0,0,0,0,-1,-1,4.270
128,auto_vectorized_add,25574858759854,255071,0,0,0,0,-1,-1,4.111
129,auto_vectorized_add,25574859016101,252748,0,0,0,0,-1,-1,4.149
130,auto_vectorized_add,25574859270149,252441,0,0,0,0,-1,-1,4.154
131,auto_vectorized_add,25574859523659,251934,0,0,0,0,-1,-1,4.162
132,auto_vectorized_add,25574859776726,259772,0,0,0,0,-1,-1,4.037
133,auto_vectorized_add,25574860037934,253292,0,0,0,0,-1,-1,4.140
134,auto_vectorized_add,25574860292328,254114,0,0,0,0,-1,-1,4.126
135,auto_vectorized_add,25574860547489,261613,0,0,0,0,-1,-1,4.008
136,auto_vectorized_add,25574860810764,307840,0,0,0,0,-1,-1,3.406
137,auto_vectorized_add,25574861148588,286232,0,0,0,0,-1,-1,3.663
138,auto_vectorized_add,25574861436062,263157,0,0,0,0,-1,-1,3.985
139,auto_vectorized_add,25574861700092,251706,0,0,0,0,-1,-1,4.166
140,auto_vectorized_add,25574861952727,255663,0,0,0,0,-1,-1,4.101
141,auto_vectorized_add,25574862209450,244380,0,0,0,0,-1,-1,4.291
142,auto_vectorized_add,25574862454769,239071,0,0,0,0,-1,-1,4.386
143,auto_vectorized_add,25574862694755,237562,0,0,0,0,-1,-1,4.414
144,auto_vectorized_add,25574862933406,260613,0,0,0,0,-1,-1,4.023
145,auto_vectorized_add,25574863195446,253130,0,0,0,0,-1,-1,4.142
146,auto_vectorized_add,25574863449552,246299,0,0,0,0,-1,-1,4.257
147,auto_vectorized_add,25574863697092,241873,0,0,0,0,-1,-1,4.335
148,auto_vectorized_add,25574863939967,246797,0,0,0,0,-1,-1,4.249
149,auto_vectorized_add,25574864187816,275382,0,0,0,0,-1,-1,3.808
150,auto_vectorized_add,25574864464384,252046,0,0,0,0,-1,-1,4.160
151,auto_vectorized_add,25574864717434,251627,0,0,0,0,-1,-1,4.167
152,auto_vectorized_add,25574864970221,264700,0,0,0,0,-1,-1,3.961
153,auto_vectorized_add,25574865236106,252889,0,0,0,0,-1,-1,4.146
154,auto_vectorized_add,25574865490115,251440,0,0,0,0,-1,-1,4.170
155,auto_vectorized_add,25574865742592,250605,0,0,0,0,-1,-1,4.184
156,auto_vectorized_add,25574865994550,259162,0,0,0,0,-1,-1,4.046
157,auto_vectorized_add,25574866255037,251235,0,0,0,0,-1,-1,4.174
158,auto_vectorized_add,25574866507516,250759,0,0,0,0,-1,-1,4.182
159,auto_vectorized_add,25574866759328,256937,0,0,0,0,-1,-1,4.081
160,auto_vectorized_add,25574867017507,252947,0,0,0,0,-1,-1,4.145
161,auto_vectorized_add,25574867271477,249941,0,0,0,0,-1,-1,4.195
162,auto_vectorized_add,25574867522422,251591,0,0,0,0,-1,-1,4.168
163,auto_vectorized_add,25574867775117,255127,0,0,0,0,-1,-1,4.110
164,auto_vectorized_add,25574868031155,251326,0,0,0,0,-1,-1,4.172
165,auto_vectorized_add,25574868283638,249555,0,0,0,0,-1,-1,4.202
166,auto_vectorized_add,25574868534330,250053,0,0,0,0,-1,-1,4.193
167,auto_vectorized_add,25574868785394,257847,0,0,0,0,-1,-1,4.067
168,auto_vectorized_add,25574869044601,250223,0,0,0,0,-1,-1,4.191
169,auto_vectorized_add,25574869296132,249131,0,0,0,0,-1,-1,4.209
170,auto_vectorized_add,25574869546554,249559,0,0,0,0,-1,-1,4.202
171,auto_vectorized_add,25574869797191,256297,0,0,0,0,-1,-1,4.091
172,auto_vectorized_add,25574870054662,250904,0,0,0,0,-1,-1,4.179
173,auto_vectorized_add,25574870306779,249862,0,0,0,0,-1,-1,4.197
174,auto_vectorized_add,25574870557807,250086,0,0,0,0,-1,-1,4.193
175,auto_vectorized_add,25574870809047,256517,0,0,0,0,-1,-1,4.088
176,auto_vectorized_add,25574871066801,251097,0,0,0,0,-1,-1,4.176
177,auto_vectorized_add,25574871319117,250618,0,0,0,0,-1,-1,4.184
178,auto_vectorized_add,25574871571206,250765,0,0,0,0,-1,-1,4.182
179,auto_vectorized_add,25574871823123,255823,0,0,0,0,-1,-1,4.099
180,auto_vectorized_add,25574872080132,249094,0,0,0,0,-1,-1,4.210
181,auto_vectorized_add,25574872330418,248130,0,0,0,0,-1,-1,4.226
182,auto_vectorized_add,25574872579589,249323,0,0,0,0,-1,-1,4.206
183,auto_vectorized_add,25574872830185,256113,0,0,0,0,-1,-1,4.094
184,auto_vectorized_add,25574873087486,249251,0,0,0,0,-1,-1,4.207
185,auto_vectorized_add,25574873337642,249693,0,0,0,0,-1,-1,4.199
186,auto_vectorized_add,25574873588534,250152,0,0,0,0,-1,-1,4.192
187,auto_vectorized_add,25574873840211,256080,0,0,0,0,-1,-1,4.095
188,auto_vectorized_add,25574874097548,250559,0,0,0,0,-1,-1,4.185
189,auto_vectorized_add,25574874349248,249057,0,0,0,0,-1,-1,4.210
190,auto_vectorized_add,25574874599405,247582,0,0,0,0,-1,-1,4.235
191,auto_vectorized_add,25574874848079,257203,0,0,0,0,-1,-1,4.077
192,auto_vectorized_add,25574875106473,250969,0,0,0,0,-1,-1,4.178
193,auto_vectorized_add,25574875358546,248852,0,0,0,0,-1,-1,4.214
194,auto_vectorized_add,25574875608418,248539,0,0,0,0,-1,-1,4.219
195,auto_vectorized_add,25574875858020,256273,0,0,0,0,-1,-1,4.092
196,auto_vectorized_add,25574876115398,249960,0,0,0,0,-1,-1,4.195
197,auto_vectorized_add,25574876366477,251626,0,0,0,0,-1,-1,4.167
198,auto_vectorized_add,25574876619251,251393,0,0,0,0,-1,-1,4.171
199,auto_vectorized_add,25574876891774,281580,0,0,0,0,-1,-1,3.724
200,sse_add,25574877175217,331092,0,0,0,0,-1,-1,3.167
201,sse_add,25574877507868,315352,0,0,0,0,-1,-1,3.325
202,sse_add,25574877824148,313266,0,0,0,0,-1,-1,3.347
203,sse_add,25574878138679,303201,0,0,0,0,-1,-1,3.458
204,sse_add,25574878443049,304572,0,0,0,0,-1,-1,3.443
205,sse_add,25574878748698,362028,0,0,0,0,-1,-1,2.896
206,sse_add,25574879111950,339877,0,0,0,0,-1,-1,3.085
207,sse_add,25574879453019,321127,0,0,0,0,-1,-1,3.265
208,sse_add,25574879775166,319794,0,0,0,0,-1,-1,3.279
209,sse_add,25574880096189,311478,0,0,0,0,-1,-1,3.366
210,sse_add,25574880408957,305247,0,0,0,0,-1,-1,3.435
211,sse_add,25574880715372,312483,0,0,0,0,-1,-1,3.356
212,sse_add,25574881029186,307736,0,0,0,0,-1,-1,3.407
213,sse_add,25574881338345,304848,0,0,0,0,-1,-1,3.440
214,sse_add,25574881644402,304584,0,0,0,0,-1,-1,3.443
215,sse_add,25574881950050,312855,0,0,0,0,-1,-1,3.352
216,sse_add,25574882264052,302848,0,0,0,0,-1,-1,3.462
217,sse_add,25574882568311,300822,0,0,0,0,-1,-1,3.486
218,sse_add,25574882870182,311810,0,0,0,0,-1,-1,3.363
219,sse_add,25574883183202,301311,0,0,0,0,-1,-1,3.480
220,sse_add,25574883485596,299060,0,0,0,0,-1,-1,3.506
221,sse_add,25574883785844,304841,0,0,0,0,-1,-1,3.440
222,sse_add,25574884091960,301233,0,0,0,0,-1,-1,3.481
223,sse_add,25574884394358,301627,0,0,0,0,-1,-1,3.476
224,sse_add,25574884697028,302919,0,0,0,0,-1,-1,3.462
225,sse_add,25574885007434,304621,0,0,0,0,-1,-1,3.442
226,sse_add,25574885313291,300402,0,0,0,0,-1,-1,3.491
227,sse_add,25574885614938,301664,0,0,0,0,-1,-1,3.476
228,sse_add,25574885917804,309540,0,0,0,0,-1,-1,3.388
229,sse_add,25574886228530,304153,0,0,0,0,-1,-1,3.448
230,sse_add,25574886533765,302717,0,0,0,0,-1,-1,3.464
231,sse_add,25574886837707,316083,0,0,0,0,-1,-1,3.317
232,sse_add,25574887155045,299464,0,0,0,0,-1,-1,3.502
233,sse_add,25574887455593,299819,0,0,0,0,-1,-1,3.497
234,sse_add,25574887756642,315422,0,0,0,0,-1,-1,3.324
235,sse_add,25574888073354,318128,0,0,0,0,-1,-1,3.296
236,sse_add,25574888392607,313699,0,0,0,0,-1,-1,3.343
237,sse_add,25574888707511,314795,0,0,0,0,-1,-1,3.331
238,sse_add,25574889023529,307655,0,0,0,0,-1,-1,3.408
239,sse_add,25574889332378,307243,0,0,0,0,-1,-1,3.413
240,sse_add,25574889640665,305021,0,0,0,0,-1,-1,3.438
241,sse_add,25574889946833,324245,0,0,0,0,-1,-1,3.234
242,sse_add,25574890272306,306556,0,0,0,0,-1,-1,3.421
243,sse_add,25574890579878,307349,0,0,0,0,-1,-1,3.412
244,sse_add,25574890888336,313848,0,0,0,0,-1,-1,3.341
245,sse_add,25574891203633,305426,0,0,0,0,-1,-1,3.433
246,sse_add,25574891510285,302629,0,0,0,0,-1,-1,3.465
247,sse_add,25574891813995,309670,0,0,0,0,-1,-1,3.386
248,sse_add,25574892124826,302697,0,0,0,0,-1,-1,3.464
249,sse_add,25574892428848,305541,0,0,0,0,-1,-1,3.432
250,sse_add,25574892735271,316894,0,0,0,0,-1,-1,3.309
251,sse_add,25574893053225,299309,0,0,0,0,-1,-1,3.503
252,sse_add,25574893353402,297388,0,0,0,0,-1,-1,3.526
253,sse_add,25574893651781,292551,0,0,0,0,-1,-1,3.584
254,sse_add,25574893945644,300128,0,0,0,0,-1,-1,3.494
255,sse_add,25574894246719,281460,0,0,0,0,-1,-1,3.725
256,sse_add,25574894529411,297675,0,0,0,0,-1,-1,3.523
257,sse_add,25574894828592,327824,0,0,0,0,-1,-1,3.199
258,sse_add,25574895157814,306245,0,0,0,0,-1,-1,3.424
259,sse_add,25574895465044,298924,0,0,0,0,-1,-1,3.508
260,sse_add,25574895765039,286161,0,0,0,0,-1,-1,3.664
261,sse_add,25574896056755,285416,0,0,0,0,-1,-1,3.674
262,sse_add,25574896343241,286463,0,0,0,0,-1,-1,3.660
263,sse_add,25574896630668,285313,0,0,0,0,-1,-1,3.675
264,sse_add,25574896916902,290887,0,0,0,0,-1,-1,3.605
265,sse_add,25574897208809,285033,0,0,0,0,-1,-1,3.679
266,sse_add,25574897494995,287604,0,0,0,0,-1,-1,3.646
267,sse_add,25574897783770,291251,0,0,0,0,-1,-1,3.600
268,sse_add,25574898076059,288347,0,0,0,0,-1,-1,3.637
269,sse_add,25574898365453,282262,0,0,0,0,-1,-1,3.715
270,sse_add,25574898648610,289704,0,0,0,0,-1,-1,3.619
271,sse_add,25574898939407,306747,0,0,0,0,-1,-1,3.418
272,sse_add,25574899247426,326754,0,0,0,0,-1,-1,3.209
273,sse_add,25574899575670,352852,0,0,0,0,-1,-1,2.972
274,sse_add,25574899929811,353267,0,0,0,0,-1,-1,2.968
275,sse_add,25574900305280,363254,0,0,0,0,-1,-1,2.887
276,sse_add,25574900669567,352465,0,0,0,0,-1,-1,2.975
277,sse_add,25574901023137,328082,0,0,0,0,-1,-1,3.196
278,sse_add,25574901352293,326052,0,0,0,0,-1,-1,3.216
279,sse_add,25574901679359,318258,0,0,0,0,-1,-1,3.295
280,sse_add,25574901998478,317622,0,0,0,0,-1,-1,3.301
281,sse_add,25574902317080,302395,0,0,0,0,-1,-1,3.468
282,sse_add,25574902620635,297404,0,0,0,0,-1,-1,3.526
283,sse_add,25574902918937,308716,0,0,0,0,-1,-1,3.397
284,sse_add,25574903228635,299792,0,0,0,0,-1,-1,3.498
285,sse_add,25574903529672,297750,0,0,0,0,-1,-1,3.522
286,sse_add,25574903828286,301941,0,0,0,0,-1,-1,3.473
287,sse_add,25574904131209,295644,0,0,0,0,-1,-1,3.547
288,sse_add,25574904427922,295291,0,0,0,0,-1,-1,3.551
289,sse_add,25574904724090,298282,0,0,0,0,-1,-1,3.515
290,sse_add,25574905023471,299160,0,0,0,0,-1,-1,3.505
291,sse_add,25574905323616,295033,0,0,0,0,-1,-1,3.554
292,sse_add,25574905619797,293010,0,0,0,0,-1,-1,3.579
293,sse_add,25574905913695,300947,0,0,0,0,-1,-1,3.484
294,sse_add,25574906215716,285562,0,0,0,0,-1,-1,3.672
295,sse_add,25574906502278,288765,0,0,0,0,-1,-1,3.631
296,sse_add,25574906792187,295490,0,0,0,0,-1,-1,3.549
297,sse_add,25574907088785,294385,0,0,0,0,-1,-1,3.562
298,sse_add,25574907384090,292443,0,0,0,0,-1,-1,3.586
299,sse_add,25574907677860,291766,0,0,0,0,-1,-1,3.594
300,avx2_add,25574907971289,255544,0,0,0,0,-1,-1,4.103
301,avx2_add,25574908228457,246276,0,0,0,0,-1,-1,4.258
302,avx2_add,25574908475943,242162,0,0,0,0,-1,-1,4.330
303,avx2_add,25574908719071,237290,0,0,0,0,-1,-1,4.419
304,avx2_add,25574908957379,242501,0,0,0,0,-1,-1,4.324
305,avx2_add,25574909200912,239728,0,0,0,0,-1,-1,4.374
306,avx2_add,25574909441597,234910,0,0,0,0,-1,-1,4.464
307,avx2_add,25574909677379,236862,0,0,0,0,-1,-1,4.427
308,avx2_add,25574909915216,241441,0,0,0,0,-1,-1,4.343
309,avx2_add,25574910157634,236282,0,0,0,0,-1,-1,4.438
310,avx2_add,25574910394857,236812,0,0,0,0,-1,-1,4.428
311,avx2_add,25574910632520,234417,0,0,0,0,-1,-1,4.473
312,avx2_add,25574910867898,241420,0,0,0,0,-1,-1,4.343
313,avx2_add,25574911110167,233804,0,0,0,0,-1,-1,4.485
314,avx2_add,25574911344823,234166,0,0,0,0,-1,-1,4.478
315,avx2_add,25574911580266,238155,0,0,0,0,-1,-1,4.403
316,avx2_add,25574911819306,242378,0,0,0,0,-1,-1,4.326
317,avx2_add,25574912063032,234565,0,0,0,0,-1,-1,4.470
318,avx2_add,25574912298570,234489,0,0,0,0,-1,-1,4.472
319,avx2_add,25574912533943,233422,0,0,0,0,-1,-1,4.492
320,avx2_add,25574912768457,241372,0,0,0,0,-1,-1,4.344
321,avx2_add,25574913011479,236192,0,0,0,0,-1,-1,4.440
322,avx2_add,25574913248754,231622,0,0,0,0,-1,-1,4.527
323,avx2_add,25574913481231,237383,0,0,0,0,-1,-1,4.417
324,avx2_add,25574913719532,234094,0,0,0,0,-1,-1,4.479
325,avx2_add,25574913954667,241299,0,0,0,0,-1,-1,4.346
326,avx2_add,25574914197094,235349,0,0,0,0,-1,-1,4.455
327,avx2_add,25574914433495,234468,0,0,0,0,-1,-1,4.472
328,avx2_add,25574914668870,234161,0,0,0,0,-1,-1,4.478
329,avx2_add,25574914903945,238872,0,0,0,0,-1,-1,4.390
330,avx2_add,25574915144130,233461,0,0,0,0,-1,-1,4.491
331,avx2_add,25574915378773,234758,0,0,0,0,-1,-1,4.467
332,avx2_add,25574915614852,233380,0,0,0,0,-1,-1,4.493
333,avx2_add,25574915849478,239933,0,0,0,0,-1,-1,4.370
334,avx2_add,25574916090409,234467,0,0,0,0,-1,-1,4.472
335,avx2_add,25574916325900,233618,0,0,0,0,-1,-1,4.488
336,avx2_add,25574916560801,233430,0,0,0,0,-1,-1,4.492
337,avx2_add,25574916795151,241607,0,0,0,0,-1,-1,4.340
338,avx2_add,25574917037899,235728,0,0,0,0,-1,-1,4.448
339,avx2_add,25574917274744,233764,0,0,0,0,-1,-1,4.486
340,avx2_add,25574917509480,233606,0,0,0,0,-1,-1,4.489
341,avx2_add,25574917744343,232368,0,0,0,0,-1,-1,4.513
342,avx2_add,25574917977735,241354,0,0,0,0,-1,-1,4.345
343,avx2_add,25574918220180,233136,0,0,0,0,-1,-1,4.498
344,avx2_add,25574918454242,234584,0,0,0,0,-1,-1,4.470
345,avx2_add,25574918689948,232580,0,0,0,0,-1,-1,4.508
346,avx2_add,25574918923593,239527,0,0,0,0,-1,-1,4.378
347,avx2_add,25574919164488,233453,0,0,0,0,-1,-1,4.492
348,avx2_add,25574919399047,232622,0,0,0,0,-1,-1,4.508
349,avx2_add,25574919632541,234458,0,0,0,0,-1,-1,4.472
350,avx2_add,25574919886762,248767,0,0,0,0,-1,-1,4.215
351,avx2_add,25574920136680,242896,0,0,0,0,-1,-1,4.317
352,avx2_add,25574920380467,240145,0,0,0,0,-1,-1,4.366
353,avx2_add,25574920621703,237623,0,0,0,0,-1,-1,4.413
354,avx2_add,25574920860259,246373,0,0,0,0,-1,-1,4.256
355,avx2_add,25574921107624,239256,0,0,0,0,-1,-1,4.383
356,avx2_add,25574921348132,235005,0,0,0,0,-1,-1,4.462
357,avx2_add,25574921584047,243398,0,0,0,0,-1,-1,4.308
358,avx2_add,25574921828846,258750,0,0,0,0,-1,-1,4.052
359,avx2_add,25574922088757,255946,0,0,0,0,-1,-1,4.097
360,avx2_add,25574922345826,252212,0,0,0,0,-1,-1,4.158
361,avx2_add,25574922598958,247569,0,0,0,0,-1,-1,4.235
362,avx2_add,25574922847296,252221,0,0,0,0,-1,-1,4.157
363,avx2_add,25574923100637,241525,0,0,0,0,-1,-1,4.341
364,avx2_add,25574923343030,237455,0,0,0,0,-1,-1,4.416
365,avx2_add,25574923581557,236294,0,0,0,0,-1,-1,4.438
366,avx2_add,25574923818813,247347,0,0,0,0,-1,-1,4.239
367,avx2_add,25574924067198,245682,0,0,0,0,-1,-1,4.268
368,avx2_add,25574924313932,241556,0,0,0,0,-1,-1,4.341
369,avx2_add,25574924556555,237531,0,0,0,0,-1,-1,4.414
370,avx2_add,25574924794920,243774,0,0,0,0,-1,-1,4.301
371,avx2_add,25574925039761,240774,0,0,0,0,-1,-1,4.355
372,avx2_add,25574925281476,241208,0,0,0,0,-1,-1,4.347
373,avx2_add,25574925523803,238441,0,0,0,0,-1,-1,4.398
374,avx2_add,25574925763210,236137,0,0,0,0,-1,-1,4.441
375,avx2_add,25574926005913,238024,0,0,0,0,-1,-1,4.405
376,avx2_add,25574926245044,236776,0,0,0,0,-1,-1,4.429
377,avx2_add,25574926482937,236050,0,0,0,0,-1,-1,4.442
378,avx2_add,25574926720034,234549,0,0,0,0,-1,-1,4.471
379,avx2_add,25574926955530,248725,0,0,0,0,-1,-1,4.216
380,avx2_add,25574927205407,242025,0,0,0,0,-1,-1,4.333
381,avx2_add,25574927448365,237728,0,0,0,0,-1,-1,4.411
382,avx2_add,25574927687395,236327,0,0,0,0,-1,-1,4.437
383,avx2_add,25574927924645,248060,0,0,0,0,-1,-1,4.227
384,avx2_add,25574928173664,241931,0,0,0,0,-1,-1,4.334
385,avx2_add,25574928416596,239779,0,0,0,0,-1,-1,4.373
386,avx2_add,25574928657228,238173,0,0,0,0,-1,-1,4.403
387,avx2_add,25574928896466,248505,0,0,0,0,-1,-1,4.220
388,avx2_add,25574929146244,253713,0,0,0,0,-1,-1,4.133
389,avx2_add,25574929401318,246477,0,0,0,0,-1,-1,4.254
390,avx2_add,25574929649171,243256,0,0,0,0,-1,-1,4.311
391,avx2_add,25574929893612,246308,0,0,0,0,-1,-1,4.257
392,avx2_add,25574930141008,249220,0,0,0,0,-1,-1,4.207
393,avx2_add,25574930391351,246708,0,0,0,0,-1,-1,4.250
394,avx2_add,25574930639009,243371,0,0,0,0,-1,-1,4.309
395,avx2_add,25574930883666,249634,0,0,0,0,-1,-1,4.200
396,avx2_add,25574931134251,240306,0,0,0,0,-1,-1,4.364
397,avx2_add,25574931375682,241917,0,0,0,0,-1,-1,4.334
398,avx2_add,25574931618594,238548,0,0,0,0,-1,-1,4.396
399,avx2_add,25574931858317,248885,0,0,0,0,-1,-1,4.213
400,dot_product_scalar,25574932627053,518110,0,0,0,0,-1,-1,2.024
401,dot_product_sse,25574932627053,232045,0,0,0,0,-1,-1,4.519
402,dot_product_scalar,25574933364389,500912,0,0,0,0,-1,-1,2.093
403,dot_product_sse,25574933364389,227583,0,0,0,0,-1,-1,4.607
404,dot_product_scalar,25574934051102,456645,0,0,0,0,-1,-1,2.296
405,dot_product_sse,25574934051102,215623,0,0,0,0,-1,-1,4.863
406,dot_product_scalar,25574934720232,451210,0,0,0,0,-1,-1,2.324
407,dot_product_sse,25574934720232,225608,0,0,0,0,-1,-1,4.648
408,dot_product_scalar,25574935425500,477184,0,0,0,0,-1,-1,2.197
409,dot_product_sse,25574935425500,220227,0,0,0,0,-1,-1,4.761
410,dot_product_scalar,25574936109080,460961,0,0,0,0,-1,-1,2.275
411,dot_product_sse,25574936109080,202262,0,0,0,0,-1,-1,5.184
412,dot_product_scalar,25574936760564,447110,0,0,0,0,-1,-1,2.345
413,dot_product_sse,25574936760564,206217,0,0,0,0,-1,-1,5.085
414,dot_product_scalar,25574937421172,452590,0,0,0,0,-1,-1,2.317
415,dot_product_sse,25574937421172,201675,0,0,0,0,-1,-1,5.199
416,dot_product_scalar,25574938074152,449647,0,0,0,0,-1,-1,2.332
417,dot_product_sse,25574938074152,209035,0,0,0,0,-1,-1,5.016
418,dot_product_scalar,25574938730264,445287,0,0,0,0,-1,-1,2.355
419,dot_product_sse,25574938730264,198483,0,0,0,0,-1,-1,5.283
